gender,married,dependents,education,self_employed,applicant_income,coapplicant_income,loan_amount,loan_term,credit_history,property_area,loan_status,id,total_income,income_loan_ratio,emi,risk_prob,risk_level
2,2,1.0,0,1,4583.0,1508.0,128.0,360.0,1.0,0,0,1,6091.0,47.5859375,0.35555555555555557,0.56,Medium Risk
1,1,0.0,0,1,5000.0,2541.0,151.0,480.0,1.0,0,0,2,7541.0,49.94039735099338,0.3145833333333333,0.26,Low Risk
2,0,0.0,0,1,3816.0,754.0,160.0,360.0,1.0,2,1,3,4570.0,28.5625,0.4444444444444444,0.63,Medium Risk
2,1,0.0,0,1,6283.0,4416.0,209.0,360.0,0.0,0,0,4,10699.0,51.19138755980861,0.5805555555555556,0.06,Low Risk
1,1,0.0,0,1,645.0,3683.0,113.0,480.0,1.0,0,1,5,4328.0,38.30088495575221,0.23541666666666666,0.83,High Risk
2,2,1.0,0,1,3052.0,1030.0,100.0,360.0,1.0,2,1,6,4082.0,40.82,0.2777777777777778,0.89,High Risk
2,2,0.0,0,2,3000.0,0.0,66.0,360.0,1.0,2,1,7,3000.0,45.45454545454545,0.18333333333333332,0.62,Medium Risk
2,2,1.0,0,1,2014.0,2925.0,113.0,360.0,1.0,2,0,8,4939.0,43.70796460176991,0.3138888888888889,0.34,Medium Risk
2,2,2.0,0,1,11417.0,1126.0,225.0,360.0,1.0,2,1,9,12543.0,55.74666666666667,0.625,0.9,High Risk
1,1,0.0,0,1,3159.0,0.0,100.0,360.0,1.0,1,1,10,3159.0,31.59,0.2777777777777778,0.74,High Risk
2,2,0.0,1,1,2583.0,2358.0,120.0,360.0,1.0,2,1,11,4941.0,41.175,0.3333333333333333,0.81,High Risk
2,1,0.0,1,0,7333.0,0.0,120.0,360.0,1.0,0,0,12,7333.0,61.108333333333334,0.3333333333333333,0.65,Medium Risk
2,2,2.0,0,1,4865.0,5624.0,208.0,360.0,1.0,1,1,13,10489.0,50.42788461538461,0.5777777777777777,0.95,High Risk
2,2,0.0,1,1,1800.0,2934.0,93.0,360.0,0.0,2,0,14,4734.0,50.903225806451616,0.25833333333333336,0.05,Low Risk
2,1,0.0,0,1,6000.0,0.0,141.0,360.0,1.0,2,1,15,6000.0,42.5531914893617,0.39166666666666666,0.97,High Risk
2,2,0.0,1,1,2875.0,1750.0,105.0,360.0,1.0,1,1,16,4625.0,44.04761904761905,0.2916666666666667,0.85,High Risk
2,2,2.0,0,1,3800.0,3600.0,216.0,360.0,0.0,2,0,17,7400.0,34.25925925925926,0.6,0.05,Low Risk
2,2,2.0,0,2,5417.0,4196.0,267.0,360.0,1.0,2,1,18,9613.0,36.00374531835206,0.7416666666666667,0.91,High Risk
1,1,0.0,0,1,5000.0,0.0,132.0,360.0,1.0,0,1,19,5000.0,37.878787878787875,0.36666666666666664,0.72,High Risk
2,2,0.0,1,1,3814.0,1483.0,124.0,300.0,1.0,1,1,20,5297.0,42.71774193548387,0.41333333333333333,0.93,High Risk
2,2,3.0,1,1,2071.0,754.0,94.0,480.0,1.0,1,1,21,2825.0,30.0531914893617,0.19583333333333333,0.91,High Risk
2,2,0.0,1,1,2333.0,1516.0,95.0,360.0,1.0,2,1,22,3849.0,40.51578947368421,0.2638888888888889,0.98,High Risk
2,1,0.0,0,1,5316.0,0.0,136.0,360.0,1.0,2,1,23,5316.0,39.088235294117645,0.37777777777777777,0.93,High Risk
2,2,3.0,0,1,3036.0,2504.0,158.0,360.0,0.0,1,0,24,5540.0,35.063291139240505,0.4388888888888889,0.09,Low Risk
2,2,1.0,0,1,1625.0,1803.0,96.0,360.0,1.0,2,1,25,3428.0,35.708333333333336,0.26666666666666666,0.96,High Risk
2,1,0.0,0,1,4000.0,2500.0,140.0,360.0,1.0,0,1,26,6500.0,46.42857142857143,0.3888888888888889,0.91,High Risk
2,2,2.0,0,1,3510.0,4416.0,243.0,360.0,1.0,0,1,27,7926.0,32.617283950617285,0.675,0.86,High Risk
0,1,0.0,0,1,3583.0,0.0,96.0,360.0,1.0,2,0,28,3583.0,37.322916666666664,0.26666666666666666,0.33,Medium Risk
1,2,0.0,0,0,2929.0,2333.0,139.0,360.0,1.0,1,1,29,5262.0,37.856115107913666,0.3861111111111111,0.99,High Risk
2,1,0.0,0,0,5050.0,0.0,118.0,360.0,1.0,1,1,30,5050.0,42.79661016949152,0.3277777777777778,0.97,High Risk
2,2,2.0,0,1,4006.0,1526.0,168.0,360.0,1.0,2,1,31,5532.0,32.92857142857143,0.4666666666666667,0.89,High Risk
1,1,0.0,0,1,3762.0,1666.0,135.0,360.0,1.0,0,1,32,5428.0,40.20740740740741,0.375,0.91,High Risk
2,2,1.0,0,1,14583.0,0.0,185.0,180.0,1.0,0,1,33,14583.0,78.82702702702703,1.0277777777777777,0.86,High Risk
2,2,1.0,0,1,12841.0,10968.0,349.0,360.0,1.0,1,0,34,23809.0,68.22063037249283,0.9694444444444444,0.62,Medium Risk
2,2,0.0,0,2,2479.0,3013.0,188.0,360.0,1.0,2,1,35,5492.0,29.21276595744681,0.5222222222222223,0.9,High Risk
2,2,2.0,0,1,3200.0,700.0,70.0,360.0,1.0,2,1,36,3900.0,55.714285714285715,0.19444444444444445,0.91,High Risk
1,1,0.0,0,1,2400.0,1863.0,104.0,360.0,0.0,2,0,37,4263.0,40.99038461538461,0.28888888888888886,0.07,Low Risk
1,1,1.0,0,1,13262.0,0.0,40.0,360.0,1.0,2,1,38,13262.0,331.55,0.1111111111111111,0.91,High Risk
2,1,0.0,0,1,20233.0,0.0,480.0,360.0,1.0,0,0,39,20233.0,42.15208333333333,1.3333333333333333,0.26,Low Risk
2,1,0.0,1,1,3598.0,1287.0,100.0,360.0,1.0,0,0,40,4885.0,48.85,0.2777777777777778,0.59,Medium Risk
2,2,2.0,0,0,2500.0,1840.0,109.0,360.0,1.0,2,1,41,4340.0,39.81651376146789,0.30277777777777776,0.97,High Risk
2,2,1.0,0,1,6065.0,2004.0,250.0,360.0,1.0,1,1,42,8069.0,32.276,0.6944444444444444,0.92,High Risk
2,2,2.0,0,1,3073.0,8106.0,200.0,360.0,1.0,2,1,43,11179.0,55.895,0.5555555555555556,0.88,High Risk
2,2,2.0,0,1,3283.0,2035.0,148.0,360.0,1.0,2,1,44,5318.0,35.932432432432435,0.4111111111111111,0.97,High Risk
2,1,0.0,0,1,1853.0,2840.0,114.0,360.0,1.0,0,0,45,4693.0,41.166666666666664,0.31666666666666665,0.28,Low Risk
2,2,2.0,0,1,1299.0,1086.0,17.0,120.0,1.0,2,1,46,2385.0,140.2941176470588,0.14166666666666666,0.89,High Risk
2,2,0.0,0,1,2130.0,6666.0,70.0,180.0,1.0,1,0,47,8796.0,125.65714285714286,0.3888888888888889,0.85,High Risk
2,1,0.0,0,1,5815.0,3666.0,311.0,360.0,1.0,0,0,48,9481.0,30.485530546623796,0.8638888888888889,0.24,Low Risk
2,1,0.0,0,1,4950.0,0.0,125.0,360.0,1.0,2,1,49,4950.0,39.6,0.3472222222222222,0.96,High Risk
2,2,3.0,0,1,3466.0,3428.0,150.0,360.0,1.0,0,1,50,6894.0,45.96,0.4166666666666667,0.95,High Risk
1,1,0.0,0,1,3510.0,0.0,76.0,360.0,0.0,2,0,51,3510.0,46.18421052631579,0.2111111111111111,0.03,Low Risk
1,2,2.0,0,1,2031.0,1632.0,113.0,480.0,1.0,1,1,52,3663.0,32.415929203539825,0.23541666666666666,0.95,High Risk
2,2,0.0,1,1,4887.0,0.0,133.0,360.0,1.0,0,0,53,4887.0,36.744360902255636,0.36944444444444446,0.2,Low Risk
2,2,0.0,1,1,3074.0,1800.0,123.0,360.0,0.0,1,0,54,4874.0,39.6260162601626,0.3416666666666667,0.03,Low Risk
2,2,0.0,1,1,7660.0,0.0,104.0,360.0,0.0,2,0,55,7660.0,73.65384615384616,0.28888888888888886,0.11,Low Risk
2,1,0.0,0,1,4683.0,1915.0,185.0,360.0,1.0,1,0,56,6598.0,35.66486486486487,0.5138888888888888,0.81,High Risk
1,2,0.0,0,1,3167.0,2283.0,154.0,360.0,1.0,1,1,57,5450.0,35.38961038961039,0.42777777777777776,0.99,High Risk
2,2,1.0,0,1,5955.0,5625.0,315.0,360.0,1.0,2,1,58,11580.0,36.76190476190476,0.875,0.82,High Risk
1,1,0.0,1,1,3400.0,0.0,95.0,360.0,1.0,0,0,59,3400.0,35.78947368421053,0.2638888888888889,0.28,Low Risk
2,2,0.0,1,1,2600.0,1911.0,116.0,360.0,0.0,1,0,60,4511.0,38.88793103448276,0.32222222222222224,0.07,Low Risk
1,1,0.0,0,1,2917.0,0.0,84.0,360.0,1.0,1,1,61,2917.0,34.726190476190474,0.23333333333333334,0.92,High Risk
2,2,0.0,0,1,5568.0,2142.0,175.0,360.0,1.0,0,0,62,7710.0,44.05714285714286,0.4861111111111111,0.35,Medium Risk
2,2,2.0,1,1,2192.0,1742.0,45.0,360.0,1.0,1,1,63,3934.0,87.42222222222222,0.125,0.93,High Risk
2,1,0.0,1,1,2927.0,2405.0,111.0,360.0,1.0,1,1,64,5332.0,48.03603603603604,0.30833333333333335,0.84,High Risk
1,1,0.0,0,1,10408.0,0.0,259.0,360.0,1.0,2,1,65,10408.0,40.18532818532819,0.7194444444444444,0.83,High Risk
2,2,0.0,0,1,5667.0,2667.0,180.0,360.0,1.0,0,1,66,8334.0,46.3,0.5,0.82,High Risk
1,1,0.0,0,1,2507.0,0.0,56.0,360.0,1.0,0,1,67,2507.0,44.767857142857146,0.15555555555555556,0.85,High Risk
0,2,0.0,0,1,2473.0,1843.0,159.0,360.0,1.0,0,0,68,4316.0,27.144654088050313,0.44166666666666665,0.24,Low Risk
0,2,2.0,1,1,3365.0,1917.0,112.0,360.0,0.0,0,0,69,5282.0,47.160714285714285,0.3111111111111111,0.18,Low Risk
2,2,0.0,0,2,9560.0,0.0,191.0,360.0,1.0,1,1,70,9560.0,50.05235602094241,0.5305555555555556,0.96,High Risk
2,2,0.0,0,1,2799.0,2253.0,122.0,360.0,1.0,1,1,71,5052.0,41.40983606557377,0.3388888888888889,0.93,High Risk
2,1,0.0,0,1,2500.0,0.0,55.0,360.0,1.0,1,1,72,2500.0,45.45454545454545,0.1527777777777778,0.98,High Risk
2,2,2.0,1,1,4226.0,1040.0,110.0,360.0,1.0,2,1,73,5266.0,47.872727272727275,0.3055555555555556,0.75,High Risk
2,2,3.0,0,2,5677.0,1424.0,100.0,360.0,1.0,0,1,74,7101.0,71.01,0.2777777777777778,0.66,Medium Risk
1,1,0.0,0,1,4166.0,0.0,44.0,360.0,1.0,1,1,75,4166.0,94.68181818181819,0.12222222222222222,0.89,High Risk
2,2,2.0,0,2,7948.0,7166.0,480.0,360.0,1.0,0,1,76,15114.0,31.4875,1.3333333333333333,0.59,Medium Risk
2,2,2.0,0,2,17500.0,0.0,400.0,360.0,1.0,0,1,77,17500.0,43.75,1.1111111111111112,0.64,Medium Risk
2,2,1.0,1,1,3399.0,1640.0,111.0,180.0,1.0,2,1,78,5039.0,45.3963963963964,0.6166666666666667,0.83,High Risk
1,1,0.0,0,1,2137.0,8980.0,137.0,360.0,0.0,1,1,79,11117.0,81.14598540145985,0.38055555555555554,0.27,Low Risk
2,1,0.0,1,1,1442.0,0.0,35.0,360.0,1.0,2,0,80,1442.0,41.2,0.09722222222222222,0.67,Medium Risk
2,2,2.0,0,1,2957.0,0.0,81.0,360.0,1.0,1,1,81,2957.0,36.50617283950617,0.225,0.97,High Risk
2,2,0.0,0,1,3775.0,0.0,110.0,360.0,1.0,1,1,82,3775.0,34.31818181818182,0.3055555555555556,0.95,High Risk
2,2,0.0,1,1,4300.0,2014.0,194.0,360.0,1.0,0,1,83,6314.0,32.54639175257732,0.5388888888888889,0.61,Medium Risk
2,2,2.0,0,1,3717.0,0.0,120.0,360.0,1.0,1,1,84,3717.0,30.975,0.3333333333333333,0.95,High Risk
1,1,2.0,0,0,3750.0,2083.0,120.0,360.0,1.0,1,1,85,5833.0,48.608333333333334,0.3333333333333333,0.93,High Risk
2,2,1.0,0,2,10000.0,0.0,155.0,360.0,1.0,0,0,86,10000.0,64.51612903225806,0.4305555555555556,0.26,Low Risk
2,2,1.0,1,1,5285.0,1430.0,161.0,360.0,0.0,1,1,87,6715.0,41.70807453416149,0.44722222222222224,0.73,High Risk
2,2,0.0,0,1,2400.0,2167.0,115.0,360.0,1.0,1,1,88,4567.0,39.71304347826087,0.3194444444444444,0.93,High Risk
0,2,3.0,0,1,23803.0,0.0,370.0,360.0,1.0,0,1,89,23803.0,64.33243243243243,1.0277777777777777,0.78,High Risk
2,1,1.0,1,1,2679.0,1302.0,94.0,360.0,1.0,1,1,90,3981.0,42.351063829787236,0.2611111111111111,0.9,High Risk
2,2,1.0,0,2,10513.0,3850.0,160.0,180.0,0.0,2,0,91,14363.0,89.76875,0.8888888888888888,0.27,Low Risk
2,1,0.0,1,1,6783.0,0.0,130.0,360.0,1.0,1,1,92,6783.0,52.176923076923075,0.3611111111111111,0.91,High Risk
2,2,3.0,0,1,4342.0,189.0,124.0,360.0,1.0,1,1,93,4531.0,36.54032258064516,0.34444444444444444,0.9,High Risk
2,2,3.0,0,1,4281.0,0.0,100.0,360.0,1.0,2,1,94,4281.0,42.81,0.2777777777777778,0.66,Medium Risk
2,2,3.0,0,1,15000.0,0.0,300.0,360.0,1.0,0,1,95,15000.0,50.0,0.8333333333333334,0.85,High Risk
2,1,0.0,0,1,2014.0,1929.0,74.0,360.0,1.0,2,1,96,3943.0,53.28378378378378,0.20555555555555555,0.93,High Risk
2,1,0.0,0,1,2718.0,0.0,70.0,360.0,1.0,1,1,97,2718.0,38.82857142857143,0.19444444444444445,0.95,High Risk
2,1,0.0,0,1,3167.0,0.0,74.0,360.0,1.0,2,0,98,3167.0,42.7972972972973,0.20555555555555555,0.33,Medium Risk
2,2,1.0,0,2,8666.0,4983.0,376.0,360.0,0.0,0,0,99,13649.0,36.30053191489362,1.0444444444444445,0.09,Low Risk
2,2,0.0,0,2,3459.0,0.0,25.0,120.0,1.0,1,1,100,3459.0,138.36,0.20833333333333334,0.87,High Risk
2,1,2.0,0,1,3588.0,0.0,110.0,360.0,0.0,0,0,101,3588.0,32.61818181818182,0.3055555555555556,0.11,Low Risk
2,1,1.0,0,2,4692.0,0.0,106.0,360.0,1.0,0,0,102,4692.0,44.264150943396224,0.29444444444444445,0.47,Medium Risk
2,1,0.0,0,1,4895.0,0.0,102.0,360.0,1.0,1,1,103,4895.0,47.990196078431374,0.2833333333333333,0.91,High Risk
2,1,0.0,0,1,4917.0,0.0,130.0,360.0,0.0,0,1,104,4917.0,37.823076923076925,0.3611111111111111,0.64,Medium Risk
2,2,0.0,0,1,3500.0,1667.0,114.0,360.0,1.0,1,1,105,5167.0,45.324561403508774,0.31666666666666665,0.86,High Risk
2,2,0.0,0,2,5818.0,2160.0,184.0,360.0,1.0,1,1,106,7978.0,43.358695652173914,0.5111111111111111,0.94,High Risk
1,2,0.0,0,1,4333.0,2451.0,110.0,360.0,1.0,2,0,107,6784.0,61.67272727272727,0.3055555555555556,0.28,Low Risk
2,2,3.0,0,1,4000.0,7750.0,290.0,360.0,1.0,1,0,108,11750.0,40.51724137931034,0.8055555555555556,0.26,Low Risk
1,1,0.0,0,1,2500.0,0.0,67.0,360.0,1.0,2,1,109,2500.0,37.3134328358209,0.18611111111111112,0.9,High Risk
1,1,0.0,1,2,18165.0,0.0,125.0,360.0,1.0,2,1,110,18165.0,145.32,0.3472222222222222,0.87,High Risk
2,1,0.0,1,0,2550.0,2042.0,126.0,360.0,1.0,0,1,111,4592.0,36.44444444444444,0.35,0.91,High Risk
2,1,3.0,0,1,12500.0,3000.0,320.0,360.0,1.0,0,0,112,15500.0,48.4375,0.8888888888888888,0.22,Low Risk
2,1,1.0,0,1,4384.0,1793.0,117.0,360.0,1.0,2,1,113,6177.0,52.794871794871796,0.325,0.96,High Risk
1,2,0.0,0,1,4583.0,0.0,84.0,360.0,1.0,0,0,114,4583.0,54.55952380952381,0.23333333333333334,0.12,Low Risk
2,2,0.0,0,1,6133.0,3906.0,324.0,360.0,1.0,2,1,115,10039.0,30.984567901234566,0.9,0.93,High Risk
2,1,0.0,0,1,2935.0,0.0,98.0,360.0,1.0,1,1,116,2935.0,29.948979591836736,0.2722222222222222,0.95,High Risk
2,2,2.0,0,2,3316.0,3500.0,88.0,360.0,1.0,2,1,117,6816.0,77.45454545454545,0.24444444444444444,0.89,High Risk
2,1,2.0,0,1,3617.0,0.0,107.0,360.0,1.0,1,1,118,3617.0,33.80373831775701,0.2972222222222222,0.83,High Risk
2,1,0.0,0,1,2833.0,0.0,71.0,360.0,1.0,2,1,119,2833.0,39.901408450704224,0.19722222222222222,0.9,High Risk
2,1,0.0,0,1,14999.0,0.0,242.0,360.0,0.0,1,0,120,14999.0,61.97933884297521,0.6722222222222223,0.08,Low Risk
2,2,0.0,1,1,2917.0,536.0,66.0,360.0,1.0,0,0,121,3453.0,52.31818181818182,0.18333333333333332,0.23,Low Risk
2,2,0.0,0,0,63337.0,0.0,490.0,180.0,1.0,2,1,122,63337.0,129.25918367346938,2.7222222222222223,0.87,High Risk
2,2,2.0,1,1,4200.0,1430.0,129.0,360.0,1.0,0,0,123,5630.0,43.64341085271318,0.35833333333333334,0.32,Medium Risk
2,2,3.0,0,1,6417.0,0.0,157.0,180.0,1.0,0,1,124,6417.0,40.87261146496815,0.8722222222222222,0.93,High Risk
1,2,0.0,0,1,3667.0,1459.0,144.0,360.0,1.0,1,1,125,5126.0,35.59722222222222,0.4,0.99,High Risk
2,1,0.0,0,1,4166.0,7210.0,184.0,360.0,1.0,2,1,126,11376.0,61.82608695652174,0.5111111111111111,0.86,High Risk
2,1,0.0,1,1,3748.0,1668.0,110.0,360.0,1.0,1,1,127,5416.0,49.236363636363635,0.3055555555555556,0.94,High Risk
1,2,1.0,0,1,4608.0,2845.0,140.0,180.0,1.0,1,1,128,7453.0,53.23571428571429,0.7777777777777778,0.94,High Risk
0,2,1.0,0,2,9833.0,1833.0,182.0,180.0,1.0,2,1,129,11666.0,64.0989010989011,1.011111111111111,0.9,High Risk
2,1,0.0,0,1,3600.0,0.0,80.0,360.0,1.0,2,0,130,3600.0,45.0,0.2222222222222222,0.27,Low Risk
1,1,0.0,0,1,2138.0,0.0,99.0,360.0,0.0,1,0,131,2138.0,21.595959595959595,0.275,0.04,Low Risk
2,1,0.0,0,1,1800.0,1213.0,47.0,360.0,1.0,2,1,132,3013.0,64.1063829787234,0.13055555555555556,0.88,High Risk
2,2,2.0,0,1,5042.0,2083.0,185.0,360.0,1.0,0,0,133,7125.0,38.513513513513516,0.5138888888888888,0.89,High Risk
1,1,1.0,0,0,3652.0,0.0,95.0,360.0,1.0,1,1,134,3652.0,38.44210526315789,0.2638888888888889,0.92,High Risk
2,2,1.0,1,1,2239.0,2524.0,128.0,360.0,1.0,2,1,135,4763.0,37.2109375,0.35555555555555557,0.92,High Risk
2,2,0.0,0,1,3941.0,2336.0,134.0,360.0,1.0,1,1,136,6277.0,46.843283582089555,0.37222222222222223,0.97,High Risk
2,2,1.0,0,0,5250.0,688.0,160.0,360.0,1.0,0,1,137,5938.0,37.1125,0.4444444444444444,0.94,High Risk
2,2,2.0,0,2,2500.0,4600.0,176.0,360.0,1.0,0,1,138,7100.0,40.34090909090909,0.4888888888888889,0.94,High Risk
2,2,0.0,0,1,2768.0,1950.0,155.0,360.0,1.0,0,1,139,4718.0,30.438709677419354,0.4305555555555556,0.95,High Risk
2,1,0.0,0,1,5417.0,0.0,168.0,360.0,1.0,2,1,140,5417.0,32.24404761904762,0.4666666666666667,0.92,High Risk
1,1,0.0,0,1,4160.0,0.0,71.0,360.0,1.0,1,1,141,4160.0,58.59154929577465,0.19722222222222222,0.66,Medium Risk
2,1,0.0,1,1,3358.0,0.0,80.0,36.0,1.0,1,0,142,3358.0,41.975,2.2222222222222223,0.3,Medium Risk
2,2,1.0,0,1,5649.0,0.0,44.0,360.0,1.0,2,1,143,5649.0,128.38636363636363,0.12222222222222222,0.93,High Risk
2,1,0.0,0,2,6950.0,0.0,175.0,180.0,1.0,1,1,144,6950.0,39.714285714285715,0.9722222222222222,0.95,High Risk
2,2,3.0,1,1,2647.0,1587.0,173.0,360.0,1.0,0,0,145,4234.0,24.473988439306357,0.48055555555555557,0.27,Low Risk
2,2,0.0,0,1,2698.0,2034.0,122.0,360.0,1.0,1,1,146,4732.0,38.78688524590164,0.3388888888888889,0.98,High Risk
1,1,0.0,0,1,2378.0,0.0,46.0,360.0,1.0,0,0,147,2378.0,51.69565217391305,0.12777777777777777,0.22,Low Risk
2,1,0.0,0,1,2526.0,1783.0,145.0,360.0,1.0,0,1,148,4309.0,29.717241379310344,0.4027777777777778,0.93,High Risk
2,2,2.0,0,1,11757.0,0.0,187.0,180.0,1.0,2,1,149,11757.0,62.8716577540107,1.038888888888889,0.91,High Risk
2,2,1.0,1,1,4554.0,1229.0,158.0,360.0,1.0,2,1,150,5783.0,36.60126582278481,0.4388888888888889,0.91,High Risk
1,2,0.0,0,1,2330.0,4486.0,100.0,360.0,1.0,1,1,151,6816.0,68.16,0.2777777777777778,0.93,High Risk
2,2,0.0,0,1,5821.0,0.0,144.0,360.0,1.0,2,1,152,5821.0,40.423611111111114,0.4,0.98,High Risk
1,2,2.0,0,1,14866.0,0.0,70.0,360.0,1.0,2,1,153,14866.0,212.37142857142857,0.19444444444444445,0.9,High Risk
2,2,3.0,1,1,3173.0,0.0,74.0,360.0,1.0,1,1,154,3173.0,42.87837837837838,0.20555555555555555,0.91,High Risk
1,2,0.0,0,1,2645.0,3440.0,120.0,360.0,0.0,2,0,155,6085.0,50.708333333333336,0.3333333333333333,0.11,Low Risk
1,1,0.0,0,1,5000.0,0.0,103.0,360.0,0.0,1,0,156,5000.0,48.54368932038835,0.2861111111111111,0.07,Low Risk
2,2,2.0,0,0,2583.0,2330.0,125.0,360.0,1.0,0,1,157,4913.0,39.304,0.3472222222222222,0.98,High Risk
1,1,0.0,0,1,4000.0,2275.0,144.0,360.0,1.0,1,1,158,6275.0,43.576388888888886,0.4,0.96,High Risk
2,2,0.0,0,1,2785.0,2016.0,110.0,360.0,1.0,0,1,159,4801.0,43.64545454545455,0.3055555555555556,0.84,High Risk
2,2,0.0,0,1,2499.0,2458.0,160.0,360.0,1.0,1,1,160,4957.0,30.98125,0.4444444444444444,0.95,High Risk
2,2,1.0,0,1,1538.0,1425.0,30.0,360.0,1.0,2,1,161,2963.0,98.76666666666667,0.08333333333333333,0.96,High Risk
2,2,0.0,1,1,3523.0,3230.0,152.0,360.0,0.0,0,0,162,6753.0,44.42763157894737,0.4222222222222222,0.06,Low Risk
1,1,0.0,0,1,10000.0,1666.0,225.0,360.0,1.0,0,0,163,11666.0,51.84888888888889,0.625,0.19,Low Risk
1,2,0.0,1,1,1928.0,1644.0,100.0,360.0,1.0,1,1,164,3572.0,35.72,0.2777777777777778,0.96,High Risk
2,2,0.0,0,1,4860.0,830.0,125.0,360.0,1.0,1,1,165,5690.0,45.52,0.3472222222222222,0.97,High Risk
1,1,0.0,0,1,3086.0,0.0,120.0,360.0,1.0,1,1,166,3086.0,25.716666666666665,0.3333333333333333,0.77,High Risk
2,1,0.0,0,1,6277.0,0.0,118.0,360.0,0.0,0,0,167,6277.0,53.19491525423729,0.3277777777777778,0.06,Low Risk
2,2,2.0,1,1,3083.0,2168.0,126.0,360.0,1.0,2,1,168,5251.0,41.67460317460318,0.35,0.95,High Risk
2,2,1.0,0,1,3333.0,3250.0,158.0,360.0,1.0,2,1,169,6583.0,41.664556962025316,0.4388888888888889,0.97,High Risk
2,2,0.0,0,1,2625.0,6250.0,187.0,360.0,1.0,0,1,170,8875.0,47.45989304812834,0.5194444444444445,0.94,High Risk
2,2,0.0,1,1,2454.0,2333.0,181.0,360.0,0.0,2,0,171,4787.0,26.447513812154696,0.5027777777777778,0.04,Low Risk
1,1,0.0,0,1,4230.0,0.0,112.0,360.0,1.0,1,0,172,4230.0,37.767857142857146,0.3111111111111111,0.26,Low Risk
2,2,0.0,0,2,2577.0,3750.0,152.0,360.0,1.0,0,1,173,6327.0,41.625,0.4222222222222222,0.92,High Risk
2,2,0.0,0,1,3593.0,4266.0,132.0,180.0,0.0,0,0,174,7859.0,59.53787878787879,0.7333333333333333,0.11,Low Risk
2,2,0.0,0,1,9083.0,0.0,228.0,360.0,1.0,1,1,175,9083.0,39.83771929824562,0.6333333333333333,0.93,High Risk
2,1,0.0,0,1,9166.0,0.0,244.0,360.0,1.0,2,0,176,9166.0,37.5655737704918,0.6777777777777778,0.46,Medium Risk
2,2,2.0,1,1,2281.0,0.0,113.0,360.0,1.0,0,0,177,2281.0,20.1858407079646,0.3138888888888889,0.27,Low Risk
2,2,1.0,0,1,5468.0,1032.0,26.0,360.0,1.0,1,1,178,6500.0,250.0,0.07222222222222222,0.94,High Risk
2,2,3.0,0,2,10139.0,0.0,260.0,360.0,1.0,1,1,179,10139.0,38.996153846153845,0.7222222222222222,0.91,High Risk
2,2,2.0,0,1,4616.0,0.0,134.0,360.0,1.0,2,0,180,4616.0,34.44776119402985,0.37222222222222223,0.25,Low Risk
2,2,0.0,0,1,3887.0,2669.0,162.0,360.0,1.0,1,1,181,6556.0,40.46913580246913,0.45,0.86,High Risk
1,2,1.0,0,2,11500.0,0.0,286.0,360.0,0.0,2,0,182,11500.0,40.20979020979021,0.7944444444444444,0.09,Low Risk
1,2,0.0,0,1,4180.0,2306.0,182.0,360.0,1.0,1,1,183,6486.0,35.637362637362635,0.5055555555555555,0.92,High Risk
2,2,2.0,1,1,3675.0,242.0,108.0,360.0,1.0,1,1,184,3917.0,36.26851851851852,0.3,0.94,High Risk
2,1,0.0,0,1,8750.0,4167.0,308.0,360.0,1.0,0,0,185,12917.0,41.938311688311686,0.8555555555555555,0.44,Medium Risk
1,2,1.0,0,2,19484.0,0.0,600.0,360.0,1.0,1,1,186,19484.0,32.473333333333336,1.6666666666666667,0.55,Medium Risk
2,1,0.0,0,1,3254.0,0.0,50.0,360.0,1.0,2,1,187,3254.0,65.08,0.1388888888888889,0.91,High Risk
2,2,3.0,0,1,2666.0,2083.0,95.0,360.0,1.0,0,1,188,4749.0,49.98947368421052,0.2638888888888889,0.97,High Risk
2,2,3.0,0,1,39999.0,0.0,600.0,180.0,0.0,1,1,189,39999.0,66.665,3.3333333333333335,0.73,High Risk
2,2,0.0,0,1,5923.0,2054.0,211.0,360.0,1.0,0,1,190,7977.0,37.80568720379147,0.5861111111111111,0.92,High Risk
2,2,2.0,0,1,2708.0,1167.0,97.0,360.0,1.0,1,1,191,3875.0,39.94845360824742,0.26944444444444443,1.0,High Risk
1,2,0.0,0,2,5500.0,0.0,105.0,360.0,0.0,0,0,192,5500.0,52.38095238095238,0.2916666666666667,0.01,Low Risk
2,2,0.0,0,1,2132.0,1591.0,96.0,360.0,1.0,1,1,193,3723.0,38.78125,0.26666666666666666,0.99,High Risk
2,2,1.0,0,1,9538.0,0.0,187.0,360.0,1.0,2,1,194,9538.0,51.00534759358289,0.5194444444444445,0.93,High Risk
2,1,0.0,1,2,5800.0,0.0,132.0,360.0,1.0,1,1,195,5800.0,43.93939393939394,0.36666666666666664,0.82,High Risk
2,2,0.0,0,1,3366.0,2200.0,135.0,360.0,1.0,0,0,196,5566.0,41.22962962962963,0.375,0.91,High Risk
2,2,2.0,0,1,8799.0,0.0,258.0,360.0,0.0,2,0,197,8799.0,34.104651162790695,0.7166666666666667,0.06,Low Risk
1,2,0.0,0,1,2423.0,505.0,130.0,360.0,1.0,1,1,198,2928.0,22.523076923076925,0.3611111111111111,0.83,High Risk
2,1,0.0,0,1,3333.0,0.0,70.0,360.0,1.0,2,1,199,3333.0,47.614285714285714,0.19444444444444445,0.81,High Risk
1,1,0.0,0,1,3813.0,0.0,116.0,180.0,1.0,2,1,200,3813.0,32.87068965517241,0.6444444444444445,0.88,High Risk
2,1,0.0,0,0,2980.0,2083.0,120.0,360.0,1.0,0,1,201,5063.0,42.19166666666667,0.3333333333333333,0.98,High Risk
2,2,3.0,0,1,3400.0,2500.0,123.0,360.0,0.0,0,0,202,5900.0,47.96747967479675,0.3416666666666667,0.07,Low Risk
1,1,0.0,0,1,2378.0,0.0,9.0,360.0,1.0,2,0,203,2378.0,264.22222222222223,0.025,0.25,Low Risk
2,2,0.0,0,1,4583.0,5625.0,255.0,360.0,1.0,1,1,204,10208.0,40.03137254901961,0.7083333333333334,0.98,High Risk
2,2,1.0,0,1,8080.0,2250.0,180.0,360.0,1.0,2,1,205,10330.0,57.388888888888886,0.5,0.88,High Risk
2,2,2.0,0,1,8333.0,3167.0,165.0,360.0,1.0,0,1,206,11500.0,69.6969696969697,0.4583333333333333,0.95,High Risk
2,2,2.0,1,1,3357.0,2859.0,144.0,360.0,1.0,2,1,207,6216.0,43.166666666666664,0.4,0.94,High Risk
2,2,0.0,1,1,1863.0,1041.0,98.0,360.0,1.0,1,1,208,2904.0,29.632653061224488,0.2722222222222222,0.97,High Risk
2,2,1.0,0,1,3875.0,0.0,67.0,360.0,1.0,2,0,209,3875.0,57.83582089552239,0.18611111111111112,0.3,Medium Risk
2,2,0.0,0,1,7933.0,0.0,275.0,360.0,1.0,2,0,210,7933.0,28.847272727272728,0.7638888888888888,0.88,High Risk
2,2,0.0,0,1,2500.0,3796.0,120.0,360.0,1.0,2,1,211,6296.0,52.46666666666667,0.3333333333333333,0.92,High Risk
2,2,0.0,1,1,3000.0,1666.0,100.0,480.0,0.0,2,0,212,4666.0,46.66,0.20833333333333334,0.02,Low Risk
2,2,3.0,0,1,3029.0,0.0,99.0,360.0,1.0,2,1,213,3029.0,30.595959595959595,0.275,0.89,High Risk
2,2,1.0,0,1,3089.0,1280.0,121.0,360.0,0.0,1,0,214,4369.0,36.107438016528924,0.33611111111111114,0.02,Low Risk
2,2,3.0,0,1,5167.0,3167.0,200.0,360.0,1.0,1,1,215,8334.0,41.67,0.5555555555555556,0.9,High Risk
2,2,0.0,1,2,2609.0,3449.0,165.0,180.0,0.0,0,0,216,6058.0,36.71515151515152,0.9166666666666666,0.09,Low Risk
2,2,2.0,0,1,4167.0,1447.0,158.0,360.0,1.0,0,1,217,5614.0,35.53164556962025,0.4388888888888889,0.95,High Risk
1,1,1.0,0,1,4723.0,0.0,81.0,360.0,1.0,1,0,218,4723.0,58.30864197530864,0.225,0.3,Medium Risk
1,1,0.0,0,1,4166.0,0.0,116.0,360.0,0.0,1,0,219,4166.0,35.91379310344828,0.32222222222222224,0.04,Low Risk
2,2,0.0,0,1,9323.0,0.0,75.0,180.0,1.0,2,1,220,9323.0,124.30666666666667,0.4166666666666667,0.93,High Risk
2,2,2.0,0,1,5000.0,3667.0,236.0,360.0,1.0,1,1,221,8667.0,36.72457627118644,0.6555555555555556,0.96,High Risk
1,2,0.0,0,1,4583.0,0.0,112.0,360.0,1.0,0,0,222,4583.0,40.919642857142854,0.3111111111111111,0.27,Low Risk
2,2,0.0,0,1,5726.0,4595.0,258.0,360.0,1.0,1,0,223,10321.0,40.00387596899225,0.7166666666666667,0.96,High Risk
2,2,0.0,0,1,2439.0,3333.0,129.0,360.0,1.0,0,1,224,5772.0,44.74418604651163,0.35833333333333334,0.94,High Risk
2,2,0.0,0,1,4750.0,2333.0,130.0,360.0,1.0,2,1,225,7083.0,54.48461538461538,0.3611111111111111,0.96,High Risk
2,1,0.0,1,1,3200.0,2254.0,126.0,180.0,0.0,2,0,226,5454.0,43.285714285714285,0.7,0.18,Low Risk
2,1,0.0,0,1,2237.0,0.0,63.0,480.0,0.0,1,0,227,2237.0,35.507936507936506,0.13125,0.07,Low Risk
2,2,1.0,0,1,10750.0,0.0,312.0,360.0,1.0,2,1,228,10750.0,34.455128205128204,0.8666666666666667,0.77,High Risk
2,1,0.0,0,2,6822.0,0.0,141.0,360.0,1.0,0,1,229,6822.0,48.38297872340426,0.39166666666666666,0.9,High Risk
2,2,2.0,0,1,8000.0,0.0,200.0,360.0,1.0,1,1,230,8000.0,40.0,0.5555555555555556,0.98,High Risk
2,2,3.0,1,2,7100.0,0.0,125.0,60.0,1.0,2,1,231,7100.0,56.8,2.0833333333333335,0.87,High Risk
2,1,0.0,1,1,6216.0,0.0,133.0,360.0,1.0,0,0,232,6216.0,46.73684210526316,0.36944444444444446,0.33,Medium Risk
2,2,0.0,1,0,1820.0,1769.0,95.0,360.0,1.0,0,1,233,3589.0,37.77894736842105,0.2638888888888889,0.95,High Risk
1,1,0.0,0,1,4300.0,0.0,136.0,360.0,0.0,1,0,234,4300.0,31.61764705882353,0.37777777777777777,0.04,Low Risk
2,1,0.0,0,1,2500.0,0.0,96.0,480.0,1.0,1,0,235,2500.0,26.041666666666668,0.2,0.54,Medium Risk
2,2,0.0,0,1,3208.0,3066.0,172.0,360.0,1.0,2,1,236,6274.0,36.47674418604651,0.4777777777777778,0.96,High Risk
0,2,3.0,0,1,51763.0,0.0,700.0,300.0,1.0,2,1,237,51763.0,73.94714285714285,2.3333333333333335,0.89,High Risk
2,2,1.0,0,1,6325.0,0.0,175.0,360.0,1.0,1,1,238,6325.0,36.142857142857146,0.4861111111111111,0.81,High Risk
2,2,3.0,1,1,3522.0,0.0,81.0,180.0,1.0,0,0,239,3522.0,43.48148148148148,0.45,0.72,High Risk
2,2,0.0,0,1,3166.0,2064.0,104.0,360.0,0.0,2,0,240,5230.0,50.28846153846154,0.28888888888888886,0.03,Low Risk
2,2,0.0,0,1,19730.0,5266.0,570.0,360.0,1.0,0,0,241,24996.0,43.85263157894737,1.5833333333333333,0.12,Low Risk
2,2,1.0,0,1,3417.0,1750.0,186.0,360.0,1.0,2,1,242,5167.0,27.77956989247312,0.5166666666666667,0.86,High Risk
2,2,0.0,0,1,5116.0,1451.0,165.0,360.0,0.0,2,0,243,6567.0,39.8,0.4583333333333333,0.11,Low Risk
2,2,2.0,0,1,16666.0,0.0,275.0,360.0,1.0,2,1,244,16666.0,60.60363636363636,0.7638888888888888,0.91,High Risk
2,2,2.0,1,1,6125.0,1625.0,187.0,480.0,1.0,1,0,245,7750.0,41.44385026737968,0.38958333333333334,0.23,Low Risk
2,2,3.0,0,1,6406.0,0.0,150.0,360.0,1.0,1,0,246,6406.0,42.70666666666666,0.4166666666666667,0.32,Medium Risk
2,2,2.0,0,1,3159.0,461.0,108.0,84.0,1.0,2,1,247,3620.0,33.51851851851852,1.2857142857142858,0.89,High Risk
0,2,0.0,0,1,3087.0,2210.0,136.0,360.0,0.0,1,0,248,5297.0,38.9485294117647,0.37777777777777777,0.03,Low Risk
2,1,0.0,0,1,3229.0,2739.0,110.0,360.0,1.0,2,1,249,5968.0,54.25454545454546,0.3055555555555556,0.91,High Risk
2,2,1.0,0,1,1782.0,2232.0,107.0,360.0,1.0,0,1,250,4014.0,37.51401869158879,0.2972222222222222,0.94,High Risk
2,2,2.0,1,2,1875.0,1875.0,97.0,360.0,1.0,1,1,251,3750.0,38.65979381443299,0.26944444444444443,0.98,High Risk
2,1,0.0,0,1,3500.0,0.0,81.0,300.0,1.0,1,1,252,3500.0,43.20987654320987,0.27,0.93,High Risk
2,2,3.0,0,2,5266.0,1774.0,187.0,360.0,1.0,1,1,253,7040.0,37.64705882352941,0.5194444444444445,0.97,High Risk
2,1,0.0,0,0,3182.0,2917.0,161.0,360.0,1.0,2,1,254,6099.0,37.88198757763975,0.44722222222222224,0.98,High Risk
2,1,0.0,0,1,3750.0,0.0,113.0,480.0,1.0,2,0,255,3750.0,33.1858407079646,0.23541666666666666,0.29,Low Risk
2,2,2.0,0,1,6540.0,0.0,205.0,360.0,1.0,1,1,256,6540.0,31.902439024390244,0.5694444444444444,0.97,High Risk
2,1,0.0,0,1,1836.0,33837.0,90.0,360.0,1.0,2,0,257,35673.0,396.3666666666667,0.25,0.28,Low Risk
1,2,0.0,0,1,3166.0,0.0,36.0,360.0,1.0,1,1,258,3166.0,87.94444444444444,0.1,0.81,High Risk
2,2,1.0,0,1,2787.0,1917.0,146.0,360.0,0.0,0,0,259,4704.0,32.21917808219178,0.40555555555555556,0.07,Low Risk
2,1,0.0,0,1,3750.0,4750.0,176.0,360.0,1.0,2,0,260,8500.0,48.29545454545455,0.4888888888888889,0.35,Medium Risk
2,2,1.0,0,1,4283.0,3000.0,172.0,84.0,1.0,0,0,261,7283.0,42.343023255813954,2.0476190476190474,0.32,Medium Risk
2,2,0.0,0,1,2297.0,1522.0,104.0,360.0,1.0,2,1,262,3819.0,36.72115384615385,0.28888888888888886,0.97,High Risk
1,1,0.0,1,1,2165.0,0.0,70.0,360.0,1.0,1,1,263,2165.0,30.928571428571427,0.19444444444444445,0.84,High Risk
2,2,1.0,0,2,1000.0,3022.0,110.0,360.0,1.0,2,0,264,4022.0,36.56363636363636,0.3055555555555556,0.22,Low Risk
0,1,0.0,0,1,4750.0,0.0,94.0,360.0,1.0,1,1,265,4750.0,50.53191489361702,0.2611111111111111,0.84,High Risk
2,2,2.0,0,2,2726.0,0.0,106.0,360.0,0.0,1,0,266,2726.0,25.71698113207547,0.29444444444444445,0.03,Low Risk
2,2,3.0,0,1,3167.0,4000.0,180.0,300.0,0.0,1,0,267,7167.0,39.81666666666667,0.6,0.03,Low Risk
1,1,0.0,0,1,3846.0,0.0,111.0,360.0,1.0,1,1,268,3846.0,34.648648648648646,0.30833333333333335,0.94,High Risk
1,2,2.0,0,1,1378.0,1881.0,167.0,360.0,1.0,2,0,269,3259.0,19.51497005988024,0.4638888888888889,0.48,Medium Risk
2,2,0.0,0,1,3000.0,3416.0,56.0,180.0,1.0,1,1,270,6416.0,114.57142857142857,0.3111111111111111,0.95,High Risk
2,2,1.0,0,1,3988.0,0.0,50.0,240.0,1.0,2,1,271,3988.0,79.76,0.20833333333333334,0.87,High Risk
2,2,2.0,0,2,6000.0,0.0,205.0,240.0,1.0,1,0,272,6000.0,29.26829268292683,0.8541666666666666,0.9,High Risk
0,1,3.0,0,2,9357.0,0.0,292.0,360.0,1.0,1,1,273,9357.0,32.044520547945204,0.8111111111111111,0.96,High Risk
2,2,0.0,0,1,3859.0,3300.0,142.0,180.0,1.0,0,1,274,7159.0,50.41549295774648,0.7888888888888889,0.95,High Risk
2,1,0.0,0,1,2366.0,2531.0,136.0,360.0,1.0,1,1,275,4897.0,36.00735294117647,0.37777777777777777,1.0,High Risk
2,2,0.0,0,1,2500.0,2118.0,104.0,360.0,1.0,1,1,276,4618.0,44.40384615384615,0.28888888888888886,0.96,High Risk
2,2,0.0,0,2,16120.0,0.0,260.0,360.0,1.0,2,1,277,16120.0,62.0,0.7222222222222222,0.84,High Risk
2,1,0.0,0,1,8566.0,0.0,210.0,360.0,1.0,2,1,278,8566.0,40.79047619047619,0.5833333333333334,0.95,High Risk
2,2,0.0,0,1,5695.0,4167.0,175.0,360.0,1.0,1,1,279,9862.0,56.354285714285716,0.4861111111111111,0.93,High Risk
2,1,0.0,1,1,3833.0,0.0,110.0,360.0,1.0,0,1,280,3833.0,34.845454545454544,0.3055555555555556,0.91,High Risk
2,2,0.0,0,1,2958.0,2900.0,131.0,360.0,1.0,1,1,281,5858.0,44.717557251908396,0.3638888888888889,0.99,High Risk
2,2,2.0,1,2,6383.0,1000.0,187.0,360.0,1.0,0,0,282,7383.0,39.481283422459896,0.5194444444444445,0.32,Medium Risk
2,1,0.0,0,1,2987.0,0.0,88.0,360.0,0.0,1,0,283,2987.0,33.94318181818182,0.24444444444444444,0.02,Low Risk
2,2,0.0,0,2,9963.0,0.0,180.0,360.0,1.0,0,1,284,9963.0,55.35,0.5,0.86,High Risk
2,2,2.0,0,1,6250.0,5654.0,188.0,180.0,1.0,1,1,285,11904.0,63.319148936170215,1.0444444444444445,0.93,High Risk
2,2,2.0,0,1,5780.0,0.0,192.0,360.0,1.0,2,1,286,5780.0,30.104166666666668,0.5333333333333333,0.98,High Risk
2,2,2.0,1,1,3273.0,1820.0,81.0,360.0,1.0,2,1,287,5093.0,62.876543209876544,0.225,0.92,High Risk
2,1,0.0,0,1,4133.0,0.0,122.0,360.0,1.0,1,1,288,4133.0,33.877049180327866,0.3388888888888889,0.93,High Risk
2,1,0.0,1,1,3620.0,0.0,25.0,120.0,1.0,1,1,289,3620.0,144.8,0.20833333333333334,0.88,High Risk
1,1,0.0,0,2,15759.0,0.0,55.0,360.0,1.0,1,1,290,15759.0,286.5272727272727,0.1527777777777778,0.77,High Risk
2,2,0.0,0,1,5708.0,5625.0,187.0,360.0,1.0,1,1,291,11333.0,60.60427807486631,0.5194444444444445,0.96,High Risk
1,2,0.0,0,1,2484.0,2302.0,137.0,360.0,1.0,1,1,292,4786.0,34.934306569343065,0.38055555555555554,1.0,High Risk
2,2,0.0,1,0,2894.0,2792.0,155.0,360.0,1.0,0,1,293,5686.0,36.68387096774194,0.4305555555555556,0.97,High Risk
2,2,2.0,0,1,5185.0,0.0,155.0,360.0,1.0,1,1,294,5185.0,33.45161290322581,0.4305555555555556,0.97,High Risk
2,2,0.0,1,2,4344.0,736.0,87.0,360.0,1.0,1,0,295,5080.0,58.39080459770115,0.24166666666666667,0.28,Low Risk
2,2,3.0,0,1,5703.0,0.0,128.0,360.0,1.0,2,1,296,5703.0,44.5546875,0.35555555555555557,0.93,High Risk
2,2,2.0,0,2,9323.0,7873.0,380.0,300.0,1.0,0,1,297,17196.0,45.252631578947366,1.2666666666666666,0.77,High Risk
2,2,0.0,0,1,3497.0,1964.0,116.0,360.0,1.0,0,1,298,5461.0,47.077586206896555,0.32222222222222224,0.94,High Risk
2,2,0.0,0,1,1977.0,997.0,50.0,360.0,1.0,1,1,299,2974.0,59.48,0.1388888888888889,0.88,High Risk
2,1,1.0,0,1,3062.0,1987.0,111.0,180.0,0.0,2,0,300,5049.0,45.486486486486484,0.6166666666666667,0.21,Low Risk
2,2,2.0,0,1,2045.0,1619.0,101.0,360.0,1.0,0,1,301,3664.0,36.277227722772274,0.28055555555555556,0.98,High Risk
2,2,0.0,1,1,4188.0,0.0,115.0,180.0,1.0,1,1,302,4188.0,36.417391304347824,0.6388888888888888,0.84,High Risk
2,1,0.0,0,1,3676.0,4301.0,172.0,360.0,1.0,0,1,303,7977.0,46.377906976744185,0.4777777777777778,0.96,High Risk
2,2,0.0,0,1,1759.0,3541.0,131.0,360.0,1.0,1,1,304,5300.0,40.458015267175576,0.3638888888888889,0.97,High Risk
1,2,1.0,0,1,12000.0,0.0,496.0,360.0,1.0,1,1,305,12000.0,24.193548387096776,1.3777777777777778,0.8,High Risk
2,2,2.0,1,1,4288.0,3263.0,133.0,180.0,1.0,2,1,306,7551.0,56.774436090225564,0.7388888888888889,0.9,High Risk
2,2,1.0,0,1,3400.0,2500.0,173.0,360.0,1.0,1,1,307,5900.0,34.104046242774565,0.48055555555555557,0.93,High Risk
2,1,0.0,0,1,4843.0,3806.0,151.0,360.0,1.0,1,1,308,8649.0,57.27814569536424,0.41944444444444445,0.94,High Risk
1,1,0.0,0,0,2764.0,1459.0,110.0,360.0,1.0,2,1,309,4223.0,38.39090909090909,0.3055555555555556,0.97,High Risk
2,2,3.0,0,1,5516.0,11300.0,495.0,360.0,0.0,1,0,310,16816.0,33.971717171717174,1.375,0.11,Low Risk
2,2,0.0,0,1,4817.0,923.0,120.0,180.0,1.0,2,1,311,5740.0,47.833333333333336,0.6666666666666666,0.98,High Risk
2,2,2.0,1,1,3987.0,1411.0,157.0,360.0,1.0,0,1,312,5398.0,34.382165605095544,0.4361111111111111,0.95,High Risk
2,2,3.0,0,1,8750.0,4996.0,130.0,360.0,1.0,0,1,313,13746.0,105.73846153846154,0.3611111111111111,0.99,High Risk
2,2,1.0,0,1,3750.0,0.0,116.0,360.0,1.0,1,1,314,3750.0,32.327586206896555,0.32222222222222224,0.99,High Risk
2,1,0.0,0,1,3069.0,0.0,71.0,480.0,1.0,2,0,315,3069.0,43.225352112676056,0.14791666666666667,0.26,Low Risk
2,2,2.0,0,1,5391.0,0.0,130.0,360.0,1.0,2,1,316,5391.0,41.46923076923077,0.3611111111111111,0.95,High Risk
2,2,0.0,0,1,3232.0,1950.0,108.0,360.0,1.0,0,1,317,5182.0,47.98148148148148,0.3,0.92,High Risk
2,2,0.0,0,0,3333.0,2500.0,128.0,360.0,1.0,1,1,318,5833.0,45.5703125,0.35555555555555557,1.0,High Risk
2,1,0.0,1,1,2333.0,1451.0,102.0,480.0,0.0,2,0,319,3784.0,37.09803921568628,0.2125,0.14,Low Risk
1,1,0.0,0,1,2900.0,0.0,71.0,360.0,1.0,0,1,320,2900.0,40.84507042253521,0.19722222222222222,0.89,High Risk
2,2,3.0,0,1,4106.0,0.0,40.0,180.0,1.0,0,1,321,4106.0,102.65,0.2222222222222222,0.92,High Risk
2,2,1.0,0,1,6400.0,7250.0,180.0,360.0,0.0,2,0,322,13650.0,75.83333333333333,0.5,0.07,Low Risk
2,2,1.0,0,1,8072.0,240.0,253.0,360.0,1.0,2,1,323,8312.0,32.85375494071146,0.7027777777777777,0.87,High Risk
2,1,0.0,0,1,5941.0,4232.0,296.0,360.0,1.0,1,1,324,10173.0,34.36824324324324,0.8222222222222222,0.91,High Risk
2,2,0.0,0,1,4600.0,0.0,73.0,180.0,1.0,1,1,325,4600.0,63.013698630136986,0.40555555555555556,0.91,High Risk
1,1,0.0,0,1,6000.0,0.0,156.0,360.0,1.0,2,1,326,6000.0,38.46153846153846,0.43333333333333335,0.89,High Risk
2,2,1.0,0,1,33846.0,0.0,260.0,360.0,1.0,1,0,327,33846.0,130.1769230769231,0.7222222222222222,0.27,Low Risk
2,2,2.0,0,1,7583.0,0.0,187.0,360.0,1.0,2,1,328,7583.0,40.55080213903744,0.5194444444444445,0.98,High Risk
1,1,0.0,0,2,4583.0,0.0,133.0,360.0,0.0,1,0,329,4583.0,34.45864661654135,0.36944444444444446,0.07,Low Risk
2,1,0.0,0,2,7167.0,0.0,128.0,360.0,1.0,2,1,330,7167.0,55.9921875,0.35555555555555557,0.96,High Risk
1,2,0.0,0,1,3625.0,0.0,108.0,360.0,1.0,1,1,331,3625.0,33.56481481481482,0.3,0.98,High Risk
2,2,2.0,0,1,4566.0,0.0,100.0,360.0,1.0,2,0,332,4566.0,45.66,0.2777777777777778,0.38,Medium Risk
2,2,0.0,0,2,39147.0,4750.0,120.0,360.0,1.0,1,1,333,43897.0,365.80833333333334,0.3333333333333333,0.84,High Risk
2,1,1.0,0,0,3667.0,0.0,113.0,180.0,1.0,2,1,334,3667.0,32.45132743362832,0.6277777777777778,0.92,High Risk
2,2,1.0,0,2,2178.0,0.0,66.0,300.0,0.0,0,0,335,2178.0,33.0,0.22,0.12,Low Risk
2,1,0.0,1,1,2346.0,1600.0,132.0,360.0,1.0,1,1,336,3946.0,29.893939393939394,0.36666666666666664,0.92,High Risk
0,2,0.0,0,2,674.0,5296.0,168.0,360.0,1.0,0,1,337,5970.0,35.535714285714285,0.4666666666666667,0.85,High Risk
2,2,0.0,0,1,2333.0,2417.0,136.0,360.0,1.0,2,1,338,4750.0,34.9264705882353,0.37777777777777777,0.98,High Risk
2,2,0.0,0,1,5488.0,0.0,125.0,360.0,1.0,0,1,339,5488.0,43.904,0.3472222222222222,0.92,High Risk
2,2,0.0,0,1,9328.0,0.0,188.0,180.0,1.0,0,1,340,9328.0,49.61702127659574,1.0444444444444445,0.96,High Risk
2,1,0.0,1,1,4885.0,0.0,48.0,360.0,1.0,0,1,341,4885.0,101.77083333333333,0.13333333333333333,0.61,Medium Risk
2,1,3.0,0,1,9167.0,0.0,185.0,360.0,1.0,0,1,342,9167.0,49.55135135135135,0.5138888888888888,0.93,High Risk
2,1,0.0,0,1,12000.0,0.0,164.0,360.0,1.0,1,0,343,12000.0,73.17073170731707,0.45555555555555555,0.24,Low Risk
2,2,3.0,0,1,9504.0,0.0,275.0,360.0,1.0,0,1,344,9504.0,34.56,0.7638888888888888,0.92,High Risk
2,2,0.0,1,1,6033.0,0.0,160.0,360.0,1.0,2,0,345,6033.0,37.70625,0.4444444444444444,0.32,Medium Risk
2,1,0.0,0,1,3858.0,0.0,76.0,360.0,1.0,1,1,346,3858.0,50.76315789473684,0.2111111111111111,0.84,High Risk
2,2,2.0,1,1,1993.0,1625.0,113.0,180.0,1.0,1,1,347,3618.0,32.017699115044245,0.6277777777777778,0.79,High Risk
2,1,0.0,0,1,4191.0,0.0,120.0,360.0,1.0,0,1,348,4191.0,34.925,0.3333333333333333,0.93,High Risk
2,2,2.0,0,1,3100.0,1400.0,113.0,360.0,1.0,2,1,349,4500.0,39.823008849557525,0.3138888888888889,1.0,High Risk
1,1,0.0,0,1,3180.0,0.0,71.0,360.0,0.0,2,0,350,3180.0,44.7887323943662,0.19722222222222222,0.07,Low Risk
2,2,0.0,0,1,3033.0,1459.0,95.0,360.0,1.0,2,1,351,4492.0,47.28421052631579,0.2638888888888889,0.94,High Risk
2,2,1.0,0,1,3125.0,2583.0,170.0,360.0,1.0,1,0,352,5708.0,33.576470588235296,0.4722222222222222,0.3,Medium Risk
2,1,0.0,0,1,8333.0,3750.0,187.0,360.0,1.0,0,1,353,12083.0,64.61497326203208,0.5194444444444445,0.87,High Risk
2,1,0.0,1,1,3902.0,1666.0,109.0,360.0,1.0,0,1,354,5568.0,51.08256880733945,0.30277777777777776,0.97,High Risk
2,1,0.0,0,2,11000.0,0.0,83.0,360.0,1.0,2,0,355,11000.0,132.53012048192772,0.23055555555555557,0.26,Low Risk
2,2,1.0,1,1,2600.0,2500.0,90.0,360.0,1.0,1,1,356,5100.0,56.666666666666664,0.25,0.94,High Risk
1,1,0.0,0,1,1500.0,1800.0,103.0,360.0,0.0,1,0,357,3300.0,32.03883495145631,0.2861111111111111,0.16,Low Risk
2,2,2.0,1,1,2889.0,0.0,45.0,180.0,0.0,2,0,358,2889.0,64.2,0.25,0.08,Low Risk
2,1,0.0,1,1,2755.0,0.0,65.0,300.0,1.0,0,0,359,2755.0,42.38461538461539,0.21666666666666667,0.3,Medium Risk
2,1,2.0,0,1,4923.0,0.0,166.0,360.0,0.0,1,1,360,4923.0,29.656626506024097,0.46111111111111114,0.7,High Risk
2,1,0.0,0,1,2500.0,20000.0,103.0,360.0,1.0,1,1,361,22500.0,218.44660194174756,0.2861111111111111,0.89,High Risk
1,1,0.0,1,1,1963.0,0.0,53.0,360.0,1.0,1,1,362,1963.0,37.0377358490566,0.14722222222222223,0.87,High Risk
2,2,1.0,1,1,3500.0,1083.0,135.0,360.0,1.0,2,1,363,4583.0,33.94814814814815,0.375,0.96,High Risk
2,2,2.0,1,1,3917.0,0.0,124.0,360.0,1.0,1,1,364,3917.0,31.588709677419356,0.34444444444444444,0.96,High Risk
1,1,0.0,0,2,7441.0,0.0,194.0,360.0,1.0,0,0,365,7441.0,38.355670103092784,0.5388888888888889,0.83,High Risk
1,1,0.0,1,1,4408.0,0.0,120.0,360.0,1.0,1,1,366,4408.0,36.733333333333334,0.3333333333333333,0.91,High Risk
1,1,0.0,0,1,4547.0,0.0,115.0,360.0,1.0,1,1,367,4547.0,39.53913043478261,0.3194444444444444,0.91,High Risk
1,1,0.0,0,1,3244.0,0.0,80.0,360.0,1.0,2,1,368,3244.0,40.55,0.2222222222222222,0.86,High Risk
2,1,0.0,1,1,3975.0,2531.0,55.0,360.0,1.0,0,1,369,6506.0,118.2909090909091,0.1527777777777778,0.91,High Risk
2,2,0.0,1,1,2167.0,2400.0,115.0,360.0,1.0,2,1,370,4567.0,39.71304347826087,0.3194444444444444,0.99,High Risk
1,1,0.0,1,1,2213.0,0.0,66.0,360.0,1.0,0,1,371,2213.0,33.53030303030303,0.18333333333333332,0.65,Medium Risk
2,2,1.0,0,1,8300.0,0.0,152.0,300.0,0.0,1,0,372,8300.0,54.60526315789474,0.5066666666666667,0.08,Low Risk
2,1,0.0,0,1,2479.0,0.0,59.0,360.0,1.0,2,1,373,2479.0,42.016949152542374,0.1638888888888889,0.92,High Risk
2,1,0.0,0,1,3418.0,0.0,127.0,360.0,1.0,1,0,374,3418.0,26.913385826771652,0.3527777777777778,0.3,Medium Risk
1,1,0.0,0,1,10000.0,0.0,214.0,360.0,1.0,1,0,375,10000.0,46.728971962616825,0.5944444444444444,0.81,High Risk
2,2,3.0,0,1,81000.0,0.0,360.0,360.0,0.0,0,0,376,81000.0,225.0,1.0,0.21,Low Risk
2,2,3.0,0,1,3430.0,1250.0,128.0,360.0,0.0,1,0,377,4680.0,36.5625,0.35555555555555557,0.04,Low Risk
2,2,1.0,0,2,7787.0,0.0,240.0,360.0,1.0,2,1,378,7787.0,32.44583333333333,0.6666666666666666,0.82,High Risk
1,1,1.0,1,2,3867.0,0.0,62.0,360.0,1.0,1,0,379,3867.0,62.37096774193548,0.17222222222222222,0.29,Low Risk
2,2,0.0,1,1,6096.0,0.0,218.0,360.0,0.0,0,0,380,6096.0,27.96330275229358,0.6055555555555555,0.1,Low Risk
2,2,0.0,1,1,2253.0,2033.0,110.0,360.0,1.0,0,1,381,4286.0,38.96363636363636,0.3055555555555556,0.99,High Risk
1,2,0.0,1,1,2149.0,3237.0,178.0,360.0,0.0,1,0,382,5386.0,30.258426966292134,0.49444444444444446,0.07,Low Risk
1,1,0.0,0,1,2995.0,0.0,60.0,360.0,1.0,2,1,383,2995.0,49.916666666666664,0.16666666666666666,0.91,High Risk
1,1,1.0,0,1,2600.0,0.0,160.0,360.0,1.0,2,0,384,2600.0,16.25,0.4444444444444444,0.15,Low Risk
2,2,2.0,0,2,1600.0,20000.0,239.0,360.0,1.0,2,0,385,21600.0,90.3765690376569,0.6638888888888889,0.22,Low Risk
2,2,0.0,0,1,1025.0,2773.0,112.0,360.0,1.0,0,1,386,3798.0,33.910714285714285,0.3111111111111111,0.92,High Risk
2,2,3.0,1,2,5703.0,0.0,130.0,360.0,1.0,0,1,387,5703.0,43.86923076923077,0.3611111111111111,0.83,High Risk
2,2,0.0,0,1,3246.0,1417.0,138.0,360.0,1.0,1,1,388,4663.0,33.789855072463766,0.38333333333333336,0.99,High Risk
2,2,0.0,0,1,3173.0,3021.0,137.0,360.0,1.0,2,1,389,6194.0,45.21167883211679,0.38055555555555554,0.97,High Risk
2,2,0.0,0,1,5829.0,0.0,138.0,360.0,1.0,0,1,390,5829.0,42.23913043478261,0.38333333333333336,0.94,High Risk
2,2,0.0,0,1,1820.0,1719.0,100.0,360.0,1.0,2,1,391,3539.0,35.39,0.2777777777777778,0.98,High Risk
2,2,3.0,1,1,3850.0,983.0,100.0,360.0,1.0,1,1,392,4833.0,48.33,0.2777777777777778,0.93,High Risk
2,2,0.0,0,1,14880.0,0.0,96.0,360.0,1.0,1,1,393,14880.0,155.0,0.26666666666666666,0.94,High Risk
2,2,0.0,0,1,150.0,1800.0,135.0,360.0,1.0,0,0,394,1950.0,14.444444444444445,0.375,0.21,Low Risk
2,2,0.0,0,1,3727.0,1775.0,131.0,360.0,1.0,1,1,395,5502.0,42.0,0.3638888888888889,0.99,High Risk
2,2,0.0,0,1,2666.0,4300.0,121.0,360.0,1.0,0,1,396,6966.0,57.570247933884296,0.33611111111111114,0.98,High Risk
1,1,1.0,1,1,4606.0,0.0,81.0,360.0,1.0,0,0,397,4606.0,56.864197530864196,0.225,0.18,Low Risk
2,2,2.0,0,0,5000.0,0.0,72.0,360.0,0.0,1,0,398,5000.0,69.44444444444444,0.2,0.31,Medium Risk
2,2,2.0,0,1,5935.0,0.0,133.0,360.0,1.0,1,1,399,5935.0,44.62406015037594,0.36944444444444446,0.97,High Risk
2,2,0.0,0,1,2221.0,0.0,60.0,360.0,0.0,2,0,400,2221.0,37.016666666666666,0.16666666666666666,0.08,Low Risk
2,2,0.0,0,1,2920.0,16.12,87.0,360.0,1.0,0,1,401,2936.12,33.74850574712644,0.24166666666666667,0.93,High Risk
2,1,0.0,1,1,2717.0,0.0,60.0,180.0,1.0,2,1,402,2717.0,45.28333333333333,0.3333333333333333,0.9,High Risk
1,1,1.0,0,2,8624.0,0.0,150.0,360.0,1.0,1,1,403,8624.0,57.49333333333333,0.4166666666666667,0.93,High Risk
2,2,2.0,0,1,4009.0,1717.0,116.0,360.0,1.0,1,1,404,5726.0,49.36206896551724,0.32222222222222224,0.98,High Risk
2,1,0.0,0,1,2971.0,2791.0,144.0,360.0,1.0,1,1,405,5762.0,40.013888888888886,0.4,1.0,High Risk
2,1,0.0,0,1,6500.0,0.0,105.0,360.0,0.0,0,0,406,6500.0,61.904761904761905,0.2916666666666667,0.12,Low Risk
2,2,0.0,0,1,6250.0,0.0,128.0,360.0,1.0,1,1,407,6250.0,48.828125,0.35555555555555557,0.95,High Risk
2,1,0.0,0,0,12876.0,0.0,405.0,360.0,1.0,1,1,408,12876.0,31.79259259259259,1.125,0.9,High Risk
2,2,0.0,0,1,3250.0,0.0,170.0,360.0,1.0,0,0,409,3250.0,19.11764705882353,0.4722222222222222,0.13,Low Risk
2,2,0.0,0,1,2425.0,2340.0,143.0,360.0,1.0,1,1,410,4765.0,33.32167832167832,0.3972222222222222,0.99,High Risk
2,1,0.0,0,1,3750.0,0.0,100.0,360.0,1.0,2,1,411,3750.0,37.5,0.2777777777777778,0.94,High Risk
2,2,0.0,1,2,4735.0,0.0,138.0,360.0,1.0,2,0,412,4735.0,34.31159420289855,0.38333333333333336,0.26,Low Risk
2,1,0.0,0,1,1926.0,1851.0,50.0,360.0,1.0,1,1,413,3777.0,75.54,0.1388888888888889,0.95,High Risk
2,2,2.0,0,1,6250.0,1695.0,210.0,360.0,1.0,1,1,414,7945.0,37.833333333333336,0.5833333333333334,0.98,High Risk
2,1,0.0,0,2,10416.0,0.0,187.0,360.0,0.0,2,0,415,10416.0,55.70053475935829,0.5194444444444445,0.05,Low Risk
2,0,0.0,0,1,4758.0,0.0,158.0,480.0,1.0,1,1,416,4758.0,30.11392405063291,0.32916666666666666,0.84,High Risk
2,1,0.0,0,2,6400.0,0.0,200.0,360.0,1.0,0,1,417,6400.0,32.0,0.5555555555555556,0.93,High Risk
2,2,1.0,0,1,2491.0,2054.0,104.0,360.0,1.0,1,1,418,4545.0,43.70192307692308,0.28888888888888886,0.99,High Risk
2,2,0.0,0,0,3716.0,0.0,42.0,180.0,1.0,0,1,419,3716.0,88.47619047619048,0.23333333333333334,0.92,High Risk
1,1,0.0,0,1,8333.0,0.0,280.0,360.0,1.0,1,1,420,8333.0,29.760714285714286,0.7777777777777778,0.94,High Risk
2,2,1.0,0,1,3155.0,1779.0,140.0,360.0,1.0,1,1,421,4934.0,35.24285714285714,0.3888888888888889,0.98,High Risk
2,2,1.0,0,1,5500.0,1260.0,170.0,360.0,1.0,0,1,422,6760.0,39.76470588235294,0.4722222222222222,0.94,High Risk
1,1,1.0,0,1,3812.0,0.0,112.0,360.0,1.0,0,1,423,3812.0,34.035714285714285,0.3111111111111111,0.92,High Risk
2,2,1.0,0,1,3315.0,0.0,96.0,360.0,1.0,1,1,424,3315.0,34.53125,0.26666666666666666,0.98,High Risk
1,2,0.0,1,2,7142.0,0.0,138.0,360.0,1.0,0,1,425,7142.0,51.7536231884058,0.38333333333333336,0.84,High Risk
2,2,2.0,0,1,5819.0,5000.0,120.0,360.0,1.0,0,1,426,10819.0,90.15833333333333,0.3333333333333333,0.96,High Risk
2,1,0.0,0,1,3660.0,5064.0,187.0,360.0,1.0,1,1,427,8724.0,46.6524064171123,0.5194444444444445,0.97,High Risk
2,2,1.0,1,1,2510.0,1983.0,140.0,180.0,1.0,2,0,428,4493.0,32.09285714285714,0.7777777777777778,0.35,Medium Risk
2,2,0.0,0,1,7901.0,1833.0,180.0,360.0,1.0,0,1,429,9734.0,54.077777777777776,0.5,0.95,High Risk
2,1,3.0,1,1,4707.0,1993.0,148.0,360.0,1.0,1,1,430,6700.0,45.270270270270274,0.4111111111111111,0.85,High Risk
2,1,0.0,0,1,2965.0,5701.0,155.0,60.0,1.0,2,1,431,8666.0,55.909677419354836,2.5833333333333335,0.8,High Risk
2,1,1.0,0,1,37719.0,0.0,152.0,360.0,1.0,1,1,432,37719.0,248.15131578947367,0.4222222222222222,0.81,High Risk
2,2,1.0,0,2,3466.0,1210.0,130.0,360.0,1.0,0,1,433,4676.0,35.96923076923077,0.3611111111111111,0.98,High Risk
2,2,2.0,1,1,4652.0,0.0,110.0,360.0,1.0,0,1,434,4652.0,42.29090909090909,0.3055555555555556,0.73,High Risk
2,2,0.0,0,0,3539.0,1376.0,55.0,360.0,1.0,0,0,435,4915.0,89.36363636363636,0.1527777777777778,0.3,Medium Risk
2,2,2.0,0,1,3340.0,1710.0,150.0,360.0,0.0,0,0,436,5050.0,33.666666666666664,0.4166666666666667,0.07,Low Risk
2,2,2.0,1,1,2309.0,1255.0,125.0,360.0,0.0,0,0,437,3564.0,28.512,0.3472222222222222,0.28,Low Risk
2,2,0.0,0,1,3948.0,1733.0,149.0,360.0,0.0,0,0,438,5681.0,38.12751677852349,0.41388888888888886,0.09,Low Risk
2,2,0.0,0,1,2483.0,2466.0,90.0,180.0,0.0,0,1,439,4949.0,54.98888888888889,0.5,0.75,High Risk
2,1,0.0,0,2,7085.0,0.0,84.0,360.0,1.0,1,1,440,7085.0,84.3452380952381,0.23333333333333334,0.84,High Risk
2,2,2.0,0,1,3859.0,0.0,96.0,360.0,1.0,1,1,441,3859.0,40.197916666666664,0.26666666666666666,0.99,High Risk
2,2,0.0,0,1,4301.0,0.0,118.0,360.0,1.0,2,1,442,4301.0,36.44915254237288,0.3277777777777778,0.93,High Risk
2,2,0.0,0,1,3708.0,2569.0,173.0,360.0,1.0,2,0,443,6277.0,36.283236994219656,0.48055555555555557,0.81,High Risk
2,1,2.0,0,1,4354.0,0.0,136.0,360.0,1.0,0,1,444,4354.0,32.01470588235294,0.37777777777777777,0.98,High Risk
2,2,0.0,0,1,8334.0,0.0,160.0,360.0,1.0,1,0,445,8334.0,52.0875,0.4444444444444444,0.33,Medium Risk
2,2,3.0,0,1,7740.0,0.0,128.0,180.0,1.0,2,1,446,7740.0,60.46875,0.7111111111111111,0.91,High Risk
2,2,0.0,0,1,3015.0,2188.0,153.0,360.0,1.0,0,1,447,5203.0,34.00653594771242,0.425,0.91,High Risk
1,1,1.0,1,0,5191.0,0.0,132.0,360.0,1.0,1,1,448,5191.0,39.32575757575758,0.36666666666666664,0.93,High Risk
2,1,0.0,0,1,4166.0,0.0,98.0,360.0,0.0,1,0,449,4166.0,42.51020408163265,0.2722222222222222,0.1,Low Risk
2,2,2.0,0,2,6250.0,1300.0,108.0,360.0,1.0,0,1,450,7550.0,69.9074074074074,0.3,0.92,High Risk
2,2,0.0,1,1,3406.0,4417.0,123.0,360.0,1.0,1,1,451,7823.0,63.60162601626016,0.3416666666666667,0.96,High Risk
2,1,0.0,0,2,6050.0,4333.0,120.0,180.0,1.0,2,0,452,10383.0,86.525,0.6666666666666666,0.31,Medium Risk
2,2,2.0,0,1,9703.0,0.0,112.0,360.0,1.0,2,1,453,9703.0,86.63392857142857,0.3111111111111111,0.87,High Risk
2,1,0.0,0,1,6000.0,0.0,140.0,360.0,1.0,0,1,454,6000.0,42.857142857142854,0.3888888888888889,0.93,High Risk
2,2,1.0,1,1,6608.0,0.0,137.0,180.0,1.0,2,1,455,6608.0,48.23357664233577,0.7611111111111111,0.89,High Risk
2,2,3.0,1,1,2947.0,1664.0,70.0,180.0,0.0,2,0,456,4611.0,65.87142857142857,0.3888888888888889,0.19,Low Risk
0,2,0.0,0,1,16692.0,0.0,110.0,360.0,1.0,1,1,457,16692.0,151.74545454545455,0.3055555555555556,0.93,High Risk
2,2,1.0,0,1,2882.0,1843.0,123.0,480.0,1.0,1,1,458,4725.0,38.41463414634146,0.25625,0.74,High Risk
1,2,2.0,1,0,210.0,2917.0,98.0,360.0,1.0,1,1,459,3127.0,31.908163265306122,0.2722222222222222,0.88,High Risk
2,2,0.0,0,1,4333.0,2451.0,110.0,360.0,1.0,2,0,460,6784.0,61.67272727272727,0.3055555555555556,0.33,Medium Risk
2,2,1.0,0,2,3450.0,2079.0,162.0,360.0,1.0,1,1,461,5529.0,34.129629629629626,0.45,0.9,High Risk
2,2,0.0,0,1,1809.0,1868.0,90.0,360.0,1.0,2,1,462,3677.0,40.855555555555554,0.25,0.96,High Risk
2,2,1.0,1,1,2653.0,1500.0,113.0,180.0,0.0,0,0,463,4153.0,36.75221238938053,0.6277777777777778,0.09,Low Risk
2,2,0.0,1,1,1668.0,3890.0,201.0,360.0,0.0,1,0,464,5558.0,27.65174129353234,0.5583333333333333,0.05,Low Risk
2,2,3.0,0,1,4691.0,0.0,100.0,360.0,1.0,1,1,465,4691.0,46.91,0.2777777777777778,0.68,Medium Risk
1,1,2.0,0,1,3427.0,0.0,138.0,360.0,1.0,2,0,466,3427.0,24.833333333333332,0.38333333333333336,0.17,Low Risk
2,1,0.0,1,2,2583.0,2167.0,104.0,360.0,1.0,0,1,467,4750.0,45.67307692307692,0.28888888888888886,0.94,High Risk
2,1,2.0,0,1,5532.0,4648.0,162.0,360.0,1.0,0,1,468,10180.0,62.839506172839506,0.45,0.95,High Risk
2,2,2.0,0,2,16525.0,1014.0,150.0,360.0,1.0,0,1,469,17539.0,116.92666666666666,0.4166666666666667,0.77,High Risk
2,2,2.0,0,1,6700.0,1750.0,230.0,300.0,1.0,1,1,470,8450.0,36.73913043478261,0.7666666666666667,0.96,High Risk
2,2,1.0,1,1,2661.0,7101.0,279.0,180.0,1.0,1,1,471,9762.0,34.98924731182796,1.55,0.59,Medium Risk
0,2,2.0,0,1,2873.0,1872.0,132.0,360.0,0.0,1,0,472,4745.0,35.946969696969695,0.36666666666666664,0.04,Low Risk
2,1,0.0,0,2,16250.0,0.0,192.0,360.0,0.0,2,0,473,16250.0,84.63541666666667,0.5333333333333333,0.05,Low Risk
2,2,1.0,0,2,16667.0,2250.0,86.0,360.0,1.0,1,1,474,18917.0,219.96511627906978,0.2388888888888889,0.92,High Risk
1,1,0.0,1,1,4350.0,0.0,154.0,360.0,1.0,0,1,475,4350.0,28.246753246753247,0.42777777777777776,0.9,High Risk
1,1,3.0,0,1,3083.0,0.0,255.0,360.0,1.0,0,1,476,3083.0,12.090196078431372,0.7083333333333334,0.67,Medium Risk
2,1,0.0,1,1,6045.0,0.0,115.0,360.0,0.0,0,0,477,6045.0,52.56521739130435,0.3194444444444444,0.06,Low Risk
2,2,3.0,1,1,3095.0,0.0,113.0,360.0,1.0,0,1,478,3095.0,27.38938053097345,0.3138888888888889,0.88,High Risk
2,2,3.0,0,1,5250.0,0.0,94.0,360.0,1.0,2,0,479,5250.0,55.851063829787236,0.2611111111111111,0.31,Medium Risk
2,2,0.0,0,1,2083.0,3150.0,128.0,360.0,1.0,1,1,480,5233.0,40.8828125,0.35555555555555557,0.97,High Risk
2,2,0.0,0,1,10833.0,0.0,234.0,360.0,1.0,1,1,481,10833.0,46.294871794871796,0.65,0.95,High Risk
2,2,2.0,0,1,8333.0,0.0,246.0,360.0,1.0,1,1,482,8333.0,33.8739837398374,0.6833333333333333,0.96,High Risk
2,2,0.0,0,1,14683.0,2100.0,304.0,360.0,1.0,0,0,483,16783.0,55.20723684210526,0.8444444444444444,0.24,Low Risk
2,1,0.0,0,1,2060.0,2209.0,134.0,360.0,1.0,1,1,484,4269.0,31.85820895522388,0.37222222222222223,0.96,High Risk
2,2,1.0,1,1,1958.0,2436.0,131.0,360.0,1.0,0,1,485,4394.0,33.541984732824424,0.3638888888888889,0.95,High Risk
1,1,1.0,0,1,3481.0,0.0,155.0,36.0,1.0,1,0,486,3481.0,22.45806451612903,4.305555555555555,0.14,Low Risk
2,1,2.0,0,1,3547.0,0.0,80.0,360.0,0.0,0,0,487,3547.0,44.3375,0.2222222222222222,0.21,Low Risk
2,2,1.0,0,1,18333.0,0.0,500.0,360.0,1.0,2,0,488,18333.0,36.666,1.3888888888888888,0.25,Low Risk
2,2,2.0,0,2,4583.0,2083.0,160.0,360.0,1.0,1,1,489,6666.0,41.6625,0.4444444444444444,0.94,High Risk
2,1,0.0,0,1,2435.0,0.0,75.0,360.0,1.0,2,0,490,2435.0,32.46666666666667,0.20833333333333334,0.31,Medium Risk
1,1,0.0,0,1,7200.0,0.0,120.0,360.0,1.0,0,1,491,7200.0,60.0,0.3333333333333333,0.95,High Risk
2,1,0.0,0,2,5166.0,0.0,128.0,360.0,1.0,1,1,492,5166.0,40.359375,0.35555555555555557,0.97,High Risk
2,1,0.0,1,1,3691.0,0.0,110.0,360.0,1.0,0,1,493,3691.0,33.554545454545455,0.3055555555555556,0.96,High Risk
1,1,0.0,1,2,17263.0,0.0,225.0,360.0,1.0,1,1,494,17263.0,76.72444444444444,0.625,0.56,Medium Risk
2,2,0.0,0,1,3597.0,2157.0,119.0,360.0,0.0,0,0,495,5754.0,48.35294117647059,0.33055555555555555,0.06,Low Risk
2,1,0.0,0,1,4095.0,3447.0,151.0,360.0,1.0,0,1,496,7542.0,49.94701986754967,0.41944444444444445,0.88,High Risk
2,2,2.0,0,1,4708.0,1387.0,150.0,360.0,1.0,1,1,497,6095.0,40.63333333333333,0.4166666666666667,0.96,High Risk
1,2,1.0,0,1,3326.0,913.0,105.0,84.0,1.0,1,1,498,4239.0,40.371428571428574,1.25,0.93,High Risk
2,2,0.0,1,1,2600.0,1700.0,107.0,360.0,1.0,0,1,499,4300.0,40.18691588785047,0.2972222222222222,0.96,High Risk
2,2,3.0,0,1,4333.0,1811.0,160.0,360.0,0.0,2,1,500,6144.0,38.4,0.4444444444444444,0.21,Low Risk
1,1,0.0,0,0,3418.0,0.0,135.0,360.0,1.0,0,0,501,3418.0,25.31851851851852,0.375,0.52,Medium Risk
1,1,1.0,0,1,2876.0,1560.0,90.0,360.0,1.0,2,1,502,4436.0,49.28888888888889,0.25,0.93,High Risk
1,1,0.0,0,1,3237.0,0.0,30.0,360.0,1.0,2,1,503,3237.0,107.9,0.08333333333333333,0.93,High Risk
2,2,0.0,0,1,11146.0,0.0,136.0,360.0,1.0,2,1,504,11146.0,81.95588235294117,0.37777777777777777,0.96,High Risk
2,1,0.0,0,1,2833.0,1857.0,126.0,360.0,1.0,0,1,505,4690.0,37.22222222222222,0.35,1.0,High Risk
2,2,0.0,0,1,2620.0,2223.0,150.0,360.0,1.0,1,1,506,4843.0,32.28666666666667,0.4166666666666667,0.94,High Risk
2,2,2.0,0,1,3900.0,0.0,90.0,360.0,1.0,1,1,507,3900.0,43.333333333333336,0.25,0.92,High Risk
2,2,1.0,0,1,2750.0,1842.0,115.0,360.0,1.0,1,1,508,4592.0,39.93043478260869,0.3194444444444444,0.99,High Risk
2,2,1.0,0,2,2895.0,0.0,95.0,360.0,1.0,1,1,509,2895.0,30.473684210526315,0.2638888888888889,0.95,High Risk
2,2,0.0,0,1,3993.0,3274.0,207.0,360.0,1.0,1,1,510,7267.0,35.106280193236714,0.575,0.93,High Risk
2,2,0.0,0,1,3103.0,1300.0,80.0,360.0,1.0,2,1,511,4403.0,55.0375,0.2222222222222222,0.94,High Risk
2,2,0.0,0,1,14583.0,0.0,436.0,360.0,1.0,1,1,512,14583.0,33.44724770642202,1.211111111111111,0.89,High Risk
2,1,1.0,1,2,4053.0,2426.0,158.0,360.0,0.0,2,0,513,6479.0,41.00632911392405,0.4388888888888889,0.12,Low Risk
2,2,0.0,0,1,3927.0,800.0,112.0,360.0,1.0,1,1,514,4727.0,42.205357142857146,0.3111111111111111,0.94,High Risk
2,2,2.0,0,1,2301.0,985.8,78.0,180.0,1.0,2,1,515,3286.8,42.13846153846154,0.43333333333333335,0.97,High Risk
1,1,0.0,0,1,1811.0,1666.0,54.0,360.0,1.0,2,1,516,3477.0,64.38888888888889,0.15,0.85,High Risk
2,1,0.0,0,1,3158.0,3053.0,89.0,360.0,1.0,0,1,517,6211.0,69.78651685393258,0.24722222222222223,0.93,High Risk
1,1,0.0,0,2,2600.0,1717.0,99.0,300.0,1.0,1,0,518,4317.0,43.60606060606061,0.33,0.9,High Risk
2,2,0.0,0,1,3704.0,2000.0,120.0,360.0,1.0,0,1,519,5704.0,47.53333333333333,0.3333333333333333,0.95,High Risk
1,1,0.0,0,1,4124.0,0.0,115.0,360.0,1.0,1,1,520,4124.0,35.86086956521739,0.3194444444444444,0.97,High Risk
2,1,0.0,0,1,9508.0,0.0,187.0,360.0,1.0,0,1,521,9508.0,50.844919786096256,0.5194444444444445,0.96,High Risk
2,2,0.0,0,1,3075.0,2416.0,139.0,360.0,1.0,0,1,522,5491.0,39.50359712230216,0.3861111111111111,0.97,High Risk
2,2,2.0,0,1,4400.0,0.0,127.0,360.0,0.0,1,0,523,4400.0,34.645669291338585,0.3527777777777778,0.21,Low Risk
2,2,2.0,0,1,3153.0,1560.0,134.0,360.0,1.0,2,1,524,4713.0,35.17164179104478,0.37222222222222223,0.93,High Risk
1,1,0.0,0,1,5417.0,0.0,143.0,480.0,0.0,2,0,525,5417.0,37.88111888111888,0.29791666666666666,0.27,Low Risk
2,2,0.0,0,1,2383.0,3334.0,172.0,360.0,1.0,1,1,526,5717.0,33.23837209302326,0.4777777777777778,0.92,High Risk
2,2,3.0,0,0,4416.0,1250.0,110.0,360.0,1.0,2,1,527,5666.0,51.50909090909091,0.3055555555555556,0.92,High Risk
2,2,1.0,0,1,6875.0,0.0,200.0,360.0,1.0,1,1,528,6875.0,34.375,0.5555555555555556,0.99,High Risk
1,2,1.0,0,1,4666.0,0.0,135.0,360.0,1.0,2,1,529,4666.0,34.56296296296296,0.375,0.77,High Risk
